24051676, Aarush Aanand 
24051678, Abhimanyu Paul 
24051679, Aditya 
24051680, Ananya Acharya 
24051681, Ananya Batra 
24051682, Ananya Roy 
24051683, Aniket Dwivedy 
24051684, Anubhab Majumder 
24051685, Anulipi Bhunia 
24051686, Anusha Singh 
24051687, Anushka Barat 
24051688, Anuska Pati 
24051689, Areen Dubey 
24051690, Arihant Jain 
24051691, Arnabi Das 
24051692, Aryan Soy 
24051693, Ashutosh Ranjan 
24051694, Asmita Ghosh 
24051695, Asutosh Dash 
24051696, Avinash Kumar Sahoo 
24051697, Awanish Jha 
24051698, Ayush Kumar 
24051699, Ayush Kumar 
24051700, Ayush Kumar 
24051701, Ayush Kumar Singh 
24051703, Banty Singh 
24051705, Debopom Roy Chowdhury 
24051706, Hare Ram Sharma 
24051708, Hrishika Biswas 
24051709, Indraneel Mukherjee 
24051710, Ishita Kataria 
24051711, Jashveer Sharma 
24051712, Jigyansa Jena 
24051714, Mahir Chittora 
24051715, Md Ayaan 
24051716, N Jijnasu Jijnatma 
24051717, Nitika 
24051718, Niyati Arora 
24051719, Prakriti Pawan 
24051720, Pranshu Nandan 
24051721, Prateek Priyadarshi 
24051722, Prathamesh Prateek Patra 
24051723, Pratyush Kumar Pati 
24051724, Prayas Manna 
24051726, Priti Barman 
24051727, Priyomsis Das 
24051728, Punam Roy 
24051729, Rajatava Das 
24051730, Riddhima Bose 
24051732, Saksham 
24051733, Samriddhi Kapoor 
24051734, Saptarshi Sen 
24051735, Sayam Jain 
24051736, Shashank Shekhar Patnaik 
24051737, Shilpa Kumari 
24051738, Shourya Kumar 
24051739, Shovan Krishna Patnaik 
24051740, Shreekant Singh 
24051741, Shubham Mitra 
24051742, Soham Mukherjee 
24051743, Sounak Das 
24051744, Subhrodeep Choudhury 
24051745, Supriyo Pramanik 
24051746, Surisetty Sai Akhilesh 
24051747, Trisha Jaiswal 
24051748, Vishal Pal 
24052399, Nilofar Nadeem 
24052401, Somlagna Ghosh 
